PRAGMA foreign_keys=OFF;
CREATE TABLE IF NOT EXISTS "django_migrations" ("id" integer NOT NULL PRIMARY KEY AUTOINCREMENT, "app" varchar(255) NOT NULL, "name" varchar(255) NOT NULL, "applied" datetime NOT NULL);
INSERT INTO django_migrations VALUES(1,'contenttypes','0001_initial','2026-05-04 17:04:28.354196');
INSERT INTO django_migrations VALUES(2,'auth','0001_initial','2026-05-04 17:04:28.399582');
INSERT INTO django_migrations VALUES(3,'admin','0001_initial','2026-05-04 17:04:28.436366');
INSERT INTO django_migrations VALUES(4,'admin','0002_logentry_remove_auto_add','2026-05-04 17:04:28.464488');
INSERT INTO django_migrations VALUES(5,'admin','0003_logentry_add_action_flag_choices','2026-05-04 17:04:28.490326');
INSERT INTO django_migrations VALUES(6,'contenttypes','0002_remove_content_type_name','2026-05-04 17:04:28.523428');
INSERT INTO django_migrations VALUES(7,'auth','0002_alter_permission_name_max_length','2026-05-04 17:04:28.545253');
INSERT INTO django_migrations VALUES(8,'auth','0003_alter_user_email_max_length','2026-05-04 17:04:28.568442');
INSERT INTO django_migrations VALUES(9,'auth','0004_alter_user_username_opts','2026-05-04 17:04:28.585485');
INSERT INTO django_migrations VALUES(10,'auth','0005_alter_user_last_login_null','2026-05-04 17:04:28.612575');
INSERT INTO django_migrations VALUES(11,'auth','0006_require_contenttypes_0002','2026-05-04 17:04:28.627167');
INSERT INTO django_migrations VALUES(12,'auth','0007_alter_validators_add_error_messages','2026-05-04 17:04:28.653149');
INSERT INTO django_migrations VALUES(13,'auth','0008_alter_user_username_max_length','2026-05-04 17:04:28.686050');
INSERT INTO django_migrations VALUES(14,'auth','0009_alter_user_last_name_max_length','2026-05-04 17:04:28.724067');
INSERT INTO django_migrations VALUES(15,'auth','0010_alter_group_name_max_length','2026-05-04 17:04:28.760697');
INSERT INTO django_migrations VALUES(16,'auth','0011_update_proxy_permissions','2026-05-04 17:04:28.788990');
INSERT INTO django_migrations VALUES(17,'auth','0012_alter_user_first_name_max_length','2026-05-04 17:04:28.824661');
INSERT INTO django_migrations VALUES(19,'sessions','0001_initial','2026-05-04 17:04:28.895784');
INSERT INTO django_migrations VALUES(20,'pages','0001_initial','2026-05-15 10:58:33.105400');
INSERT INTO django_migrations VALUES(21,'restaurants','0001_initial','2026-05-18 16:08:21.677638');
INSERT INTO django_migrations VALUES(22,'restaurants','0002_add_menuitem_fields','2026-05-22 04:38:52.859959');
INSERT INTO django_migrations VALUES(23,'restaurants','0003_menuitem_day_alter_menuitem_parent','2026-05-25 19:01:43.714986');
INSERT INTO django_migrations VALUES(24,'restaurants','0004_rename_extra_menuitem_extra_menu_and_more','2026-05-25 20:02:49.117613');
INSERT INTO django_migrations VALUES(25,'restaurants','0005_remove_menuitem_url_menuitem_storage_url','2026-05-25 21:19:26.797738');
INSERT INTO django_migrations VALUES(26,'restaurants','0006_rename_pork_menuitem_non_pork_alter_menuitem_price','2026-05-25 21:23:06.864364');
INSERT INTO django_migrations VALUES(27,'restaurants','0007_alter_menuitem_day_alter_menuitem_extra_menu_and_more','2026-05-25 21:24:08.433921');
CREATE TABLE IF NOT EXISTS "auth_group_permissions" ("id" integer NOT NULL PRIMARY KEY AUTOINCREMENT, "group_id" integer NOT NULL REFERENCES "auth_group" ("id") DEFERRABLE INITIALLY DEFERRED, "permission_id" integer NOT NULL REFERENCES "auth_permission" ("id") DEFERRABLE INITIALLY DEFERRED);
CREATE TABLE IF NOT EXISTS "auth_user_groups" ("id" integer NOT NULL PRIMARY KEY AUTOINCREMENT, "user_id" integer NOT NULL REFERENCES "auth_user" ("id") DEFERRABLE INITIALLY DEFERRED, "group_id" integer NOT NULL REFERENCES "auth_group" ("id") DEFERRABLE INITIALLY DEFERRED);
CREATE TABLE IF NOT EXISTS "auth_user_user_permissions" ("id" integer NOT NULL PRIMARY KEY AUTOINCREMENT, "user_id" integer NOT NULL REFERENCES "auth_user" ("id") DEFERRABLE INITIALLY DEFERRED, "permission_id" integer NOT NULL REFERENCES "auth_permission" ("id") DEFERRABLE INITIALLY DEFERRED);
CREATE TABLE IF NOT EXISTS "django_admin_log" ("id" integer NOT NULL PRIMARY KEY AUTOINCREMENT, "object_id" text NULL, "object_repr" varchar(200) NOT NULL, "action_flag" smallint unsigned NOT NULL CHECK ("action_flag" >= 0), "change_message" text NOT NULL, "content_type_id" integer NULL REFERENCES "django_content_type" ("id") DEFERRABLE INITIALLY DEFERRED, "user_id" integer NOT NULL REFERENCES "auth_user" ("id") DEFERRABLE INITIALLY DEFERRED, "action_time" datetime NOT NULL);
CREATE TABLE IF NOT EXISTS "django_content_type" ("id" integer NOT NULL PRIMARY KEY AUTOINCREMENT, "app_label" varchar(100) NOT NULL, "model" varchar(100) NOT NULL);
INSERT INTO django_content_type VALUES(1,'admin','logentry');
INSERT INTO django_content_type VALUES(2,'auth','group');
INSERT INTO django_content_type VALUES(3,'auth','permission');
INSERT INTO django_content_type VALUES(4,'auth','user');
INSERT INTO django_content_type VALUES(5,'contenttypes','contenttype');
INSERT INTO django_content_type VALUES(6,'sessions','session');
INSERT INTO django_content_type VALUES(7,'pages','menuitem');
INSERT INTO django_content_type VALUES(9,'restaurants','menuitem');
CREATE TABLE IF NOT EXISTS "auth_permission" ("id" integer NOT NULL PRIMARY KEY AUTOINCREMENT, "content_type_id" integer NOT NULL REFERENCES "django_content_type" ("id") DEFERRABLE INITIALLY DEFERRED, "codename" varchar(100) NOT NULL, "name" varchar(255) NOT NULL);
INSERT INTO auth_permission VALUES(1,1,'add_logentry','Can add log entry');
INSERT INTO auth_permission VALUES(2,1,'change_logentry','Can change log entry');
INSERT INTO auth_permission VALUES(3,1,'delete_logentry','Can delete log entry');
INSERT INTO auth_permission VALUES(4,1,'view_logentry','Can view log entry');
INSERT INTO auth_permission VALUES(5,3,'add_permission','Can add permission');
INSERT INTO auth_permission VALUES(6,3,'change_permission','Can change permission');
INSERT INTO auth_permission VALUES(7,3,'delete_permission','Can delete permission');
INSERT INTO auth_permission VALUES(8,3,'view_permission','Can view permission');
INSERT INTO auth_permission VALUES(9,2,'add_group','Can add group');
INSERT INTO auth_permission VALUES(10,2,'change_group','Can change group');
INSERT INTO auth_permission VALUES(11,2,'delete_group','Can delete group');
INSERT INTO auth_permission VALUES(12,2,'view_group','Can view group');
INSERT INTO auth_permission VALUES(13,4,'add_user','Can add user');
INSERT INTO auth_permission VALUES(14,4,'change_user','Can change user');
INSERT INTO auth_permission VALUES(15,4,'delete_user','Can delete user');
INSERT INTO auth_permission VALUES(16,4,'view_user','Can view user');
INSERT INTO auth_permission VALUES(17,5,'add_contenttype','Can add content type');
INSERT INTO auth_permission VALUES(18,5,'change_contenttype','Can change content type');
INSERT INTO auth_permission VALUES(19,5,'delete_contenttype','Can delete content type');
INSERT INTO auth_permission VALUES(20,5,'view_contenttype','Can view content type');
INSERT INTO auth_permission VALUES(21,6,'add_session','Can add session');
INSERT INTO auth_permission VALUES(22,6,'change_session','Can change session');
INSERT INTO auth_permission VALUES(23,6,'delete_session','Can delete session');
INSERT INTO auth_permission VALUES(24,6,'view_session','Can view session');
INSERT INTO auth_permission VALUES(25,7,'add_menuitem','Can add menu item');
INSERT INTO auth_permission VALUES(26,7,'change_menuitem','Can change menu item');
INSERT INTO auth_permission VALUES(27,7,'delete_menuitem','Can delete menu item');
INSERT INTO auth_permission VALUES(28,7,'view_menuitem','Can view menu item');
INSERT INTO auth_permission VALUES(33,9,'add_menuitem','Can add menu item');
INSERT INTO auth_permission VALUES(34,9,'change_menuitem','Can change menu item');
INSERT INTO auth_permission VALUES(35,9,'delete_menuitem','Can delete menu item');
INSERT INTO auth_permission VALUES(36,9,'view_menuitem','Can view menu item');
CREATE TABLE IF NOT EXISTS "auth_group" ("id" integer NOT NULL PRIMARY KEY AUTOINCREMENT, "name" varchar(150) NOT NULL UNIQUE);
CREATE TABLE IF NOT EXISTS "auth_user" ("id" integer NOT NULL PRIMARY KEY AUTOINCREMENT, "password" varchar(128) NOT NULL, "last_login" datetime NULL, "is_superuser" bool NOT NULL, "username" varchar(150) NOT NULL UNIQUE, "last_name" varchar(150) NOT NULL, "email" varchar(254) NOT NULL, "is_staff" bool NOT NULL, "is_active" bool NOT NULL, "date_joined" datetime NOT NULL, "first_name" varchar(150) NOT NULL);
INSERT INTO auth_user VALUES(1,'pbkdf2_sha256$1200000$EsgdpM2UEV3Qeu7OAxUrkV$IQlQ8hzLbuRStCDEKayDGwb+nnvtVeXVX5qAieUjE40=','2026-05-22 04:34:38.142464',1,'dksck','','',1,1,'2026-05-16 08:23:43.254464','');
CREATE TABLE IF NOT EXISTS "django_session" ("session_key" varchar(40) NOT NULL PRIMARY KEY, "session_data" text NOT NULL, "expire_date" datetime NOT NULL);
INSERT INTO django_session VALUES('ujsbxkynopbufljyoyjxtz9xgib138g5','.eJxVjEEOwiAQAP_C2RAWCqQevfsGsrCsVA0kpT0Z_64kPeh1ZjIvEXDfSth7XsNC4ixAnH5ZxPTIdQi6Y701mVrd1iXKkcjDdnltlJ-Xo_0bFOxlbJ1VE0ykOKOPHK2mzJwUeG84JzZK6RlnMjYBA2lHHAEdIbP59iDeH_wFOQs:1wOAJU:9Q3l-gHRIwfV6K39dJZW9RNWBoSIBsOQ8hqe-bo_yCg','2026-05-30 08:24:00.854193');
INSERT INTO django_session VALUES('ed1v572m6ec89sdg48ruphvshmhazk76','.eJxVjEEOwiAQAP_C2RAWCqQevfsGsrCsVA0kpT0Z_64kPeh1ZjIvEXDfSth7XsNC4ixAnH5ZxPTIdQi6Y701mVrd1iXKkcjDdnltlJ-Xo_0bFOxlbJ1VE0ykOKOPHK2mzJwUeG84JzZK6RlnMjYBA2lHHAEdIbP59iDeH_wFOQs:1wQHao:mQKWQYC9oYLRVQ_0P9JQRDcowb3Q4tkQnGqQLwK3MpY','2026-06-05 04:34:38.160937');
CREATE TABLE IF NOT EXISTS "pages_menuitem" ("id" integer NOT NULL PRIMARY KEY AUTOINCREMENT, "title" varchar(200) NOT NULL, "url" varchar(200) NOT NULL, "order" integer NOT NULL, "parent_id" bigint NULL REFERENCES "pages_menuitem" ("id") DEFERRABLE INITIALLY DEFERRED);
INSERT INTO pages_menuitem VALUES(1,'Home','/',1,NULL);
INSERT INTO pages_menuitem VALUES(2,'About','/about/',2,NULL);
INSERT INTO pages_menuitem VALUES(3,'Services','/services/',3,NULL);
INSERT INTO pages_menuitem VALUES(4,'Contact','/contact/',4,NULL);
INSERT INTO pages_menuitem VALUES(5,'Web Development','/services/web-dev/',1,3);
INSERT INTO pages_menuitem VALUES(6,'Mobile Development','/services/mobile-dev/',2,3);
INSERT INTO pages_menuitem VALUES(7,'Consulting','/services/consulting/',3,3);
CREATE TABLE IF NOT EXISTS "restaurants_menuitem" ("id" integer NOT NULL PRIMARY KEY AUTOINCREMENT, "title" varchar(200) NOT NULL, "order" integer NOT NULL, "main" varchar(200) NOT NULL, "side" varchar(200) NOT NULL, "time" varchar(200) NOT NULL, "place" varchar(200) NOT NULL, "price" integer NULL, "day" varchar(200) NULL, "extra_menu" varchar(200) NULL, "extra_price" integer NULL, "non_pork" bool NOT NULL, "storage_url" varchar(200) NULL, "parent_id" bigint NULL REFERENCES "restaurants_menuitem" ("id") DEFERRABLE INITIALLY DEFERRED);
INSERT INTO restaurants_menuitem VALUES(1,'Chef Recommendation 1',1,'Soup','Kimchi','45 min','Main Hall',47011,'','Mild',0,1,'',NULL);
INSERT INTO restaurants_menuitem VALUES(2,'Seasonal Menu 2',2,'Soup','Vegetables','30 min','Main Hall',20231,'','Sweet',0,0,'',NULL);
INSERT INTO restaurants_menuitem VALUES(3,'Seasonal Menu 3',3,'Salad','Pickles','45 min','Private Room',26916,'','Sweet',0,0,'',NULL);
INSERT INTO restaurants_menuitem VALUES(4,'Special Dish 4',4,'Soup','Kimchi','30 min','Counter',16306,'','Sweet',0,1,'',NULL);
INSERT INTO restaurants_menuitem VALUES(5,'Daily Special 5',5,'Salad','Pickles','1 hour','Main Hall',16029,'','Sweet',0,0,'',NULL);
INSERT INTO restaurants_menuitem VALUES(6,'Daily Special 1',6,'Rice','Tofu','20 min','Outdoor',13047,'','Spicy',0,1,'',NULL);
INSERT INTO restaurants_menuitem VALUES(7,'Chef Recommendation 2',7,'Noodles','Vegetables','45 min','Counter',32342,'','Spicy',0,0,'',NULL);
INSERT INTO restaurants_menuitem VALUES(8,'Daily Special 3',8,'Rice','Tofu','1 hour','Private Room',32796,'','Spicy',0,1,'',NULL);
INSERT INTO restaurants_menuitem VALUES(9,'Special Dish 4',9,'Noodles','Kimchi','20 min','Counter',30272,'','Spicy',0,1,'',NULL);
INSERT INTO restaurants_menuitem VALUES(10,'Chef Recommendation 5',10,'Rice','Pickles','30 min','Outdoor',24875,'','Mild',0,0,'',NULL);
INSERT INTO restaurants_menuitem VALUES(11,'Chef Recommendation 6',11,'Soup','Vegetables','1 hour','Private Room',35367,'','Spicy',0,0,'',NULL);
INSERT INTO restaurants_menuitem VALUES(12,'Special Dish 7',12,'Rice','Vegetables','20 min','Private Room',28415,'','Mild',0,1,'',NULL);
INSERT INTO restaurants_menuitem VALUES(13,'Daily Special 8',13,'Salad','Tofu','1 hour','Counter',16796,'','Sweet',0,0,'',NULL);
INSERT INTO restaurants_menuitem VALUES(14,'Special Dish 9',14,'Salad','Pickles','1 hour','Counter',27879,'','Spicy',0,1,'',NULL);
INSERT INTO restaurants_menuitem VALUES(15,'Seasonal Menu 10',15,'Rice','Kimchi','30 min','Outdoor',10608,'','Mild',0,0,'',NULL);
INSERT INTO restaurants_menuitem VALUES(16,'',0,'사골육수조랭이떡국','쌀밥,들기름두부구이&양념간장,고사리나물볶음,깻잎지무침,배추김치','','',29274,'','',0,0,'',NULL);
INSERT INTO restaurants_menuitem VALUES(17,'',0,'A코너 : 새우튀김오므라이스','맑은유부장국,양념쌀떡꼬치,그린샐러드&드레싱,오복지무침,배추김치 B코너 : 곤드레나물밥&양념간장,근대된장국,미트볼파프리카조림,도토리묵김가루무침,마늘종장아찌,백김치','','',37023,'','',0,1,'',NULL);
INSERT INTO restaurants_menuitem VALUES(18,'',0,'부대찌개&라면사리','쌀밥,사각어묵야채볶음,브로콜리&컬리플라워&초장,오이지무침,깍두기','','',27553,'','',0,0,'',NULL);
INSERT INTO restaurants_menuitem VALUES(19,'',0,'스모크햄구이&케찹','쌀밥,청양초된장찌개,비름나물무침,다시마쌈&초장,깍두기','','',45264,'','',0,0,'',NULL);
INSERT INTO restaurants_menuitem VALUES(20,'',0,'A코너 : 고치돈&데미소스','추가쌀밥,크림스프,토마토스파게티,오이피클,깍두기 B코너 : 돼지고기김치찌개&당면사리,쌀밥,한입땡전,케찹,콩나물무침,부추생채,깍두기','','',31538,'','',0,1,'',NULL);
INSERT INTO restaurants_menuitem VALUES(21,'',0,'가쓰오볶음우동','후리가케밥,교자만두강정,그린샐러드&드레싱,단무지무침,배추김치','','',33181,'','',0,0,'',NULL);
INSERT INTO restaurants_menuitem VALUES(22,'',0,'참치야채죽','추가쌀밥,완자조림,꽈리고추멸치볶음,상추생무침,배추김치','','',49264,'','',0,1,'',NULL);
INSERT INTO restaurants_menuitem VALUES(23,'',0,'A코너 : 시원한냉모밀','스팸마요컵밥,고구마맛탕,락교&초생강,배추김치,요구르트 B코너 : 쇠고기미역국,쌀밥,야채크로켓&스위트칠리소스,새우젓호박볶음,치커리생채,배추김치','','',15634,'','',0,0,'',NULL);
INSERT INTO restaurants_menuitem VALUES(24,'',0,'떡갈비마요덮밥','맑은팽이장국,두부양념조림,마카로니샐러드,고추지절임,배추김치','','',20406,'','',0,0,'',NULL);
INSERT INTO restaurants_menuitem VALUES(25,'',0,'얼큰해장국','쌀밥,미니돈까스&허니머스타드,도라지생채,검정콩자반,깍두기','','',24475,'','',0,0,'',NULL);
INSERT INTO restaurants_menuitem VALUES(26,'',0,'A코너 : 철판)매운짜장떡볶이','김가루볶음밥,김말이&야끼만두&초간장,그린샐러드&드레싱,배추김치,아이스쥬시쿨 B코너 : 달걀말이&케찹,쌀밥,얼큰콩나물국,소시지야채볶음,오이생채,배추김치','','',45803,'','',0,1,'',NULL);
INSERT INTO restaurants_menuitem VALUES(27,'',0,'치킨까스&데리소스','쌀밥,다시마무국,고추장감자조림,열무나물무침,배추김치','','',31619,'','',0,1,'',NULL);
INSERT INTO restaurants_menuitem VALUES(28,'',0,'사골육수조랭이떡국','쌀밥,들기름두부구이&양념간장,고사리나물볶음,깻잎지무침,배추김치','','',22839,'','',0,0,'',NULL);
INSERT INTO restaurants_menuitem VALUES(29,'',0,'A코너 : 새우튀김오므라이스','맑은유부장국,양념쌀떡꼬치,그린샐러드&드레싱,오복지무침,배추김치 B코너 : 곤드레나물밥&양념간장,근대된장국,미트볼파프리카조림,도토리묵김가루무침,마늘종장아찌,백김치','','',20096,'','',0,0,'',NULL);
INSERT INTO restaurants_menuitem VALUES(30,'',0,'부대찌개&라면사리','쌀밥,사각어묵야채볶음,브로콜리&컬리플라워&초장,오이지무침,깍두기','','',36064,'','',0,1,'',NULL);
INSERT INTO restaurants_menuitem VALUES(31,'',0,'스모크햄구이&케찹','쌀밥,청양초된장찌개,비름나물무침,다시마쌈&초장,깍두기','','',11288,'','',0,0,'',NULL);
INSERT INTO restaurants_menuitem VALUES(32,'',0,'A코너 : 고치돈&데미소스','추가쌀밥,크림스프,토마토스파게티,오이피클,깍두기 B코너 : 돼지고기김치찌개&당면사리,쌀밥,한입땡전,케찹,콩나물무침,부추생채,깍두기','','',35574,'','',0,1,'',NULL);
INSERT INTO restaurants_menuitem VALUES(33,'',0,'가쓰오볶음우동','후리가케밥,교자만두강정,그린샐러드&드레싱,단무지무침,배추김치','','',23078,'','',0,0,'',NULL);
INSERT INTO restaurants_menuitem VALUES(34,'',0,'참치야채죽','추가쌀밥,완자조림,꽈리고추멸치볶음,상추생무침,배추김치','','',35731,'','',0,0,'',NULL);
INSERT INTO restaurants_menuitem VALUES(35,'',0,'A코너 : 시원한냉모밀','스팸마요컵밥,고구마맛탕,락교&초생강,배추김치,요구르트 B코너 : 쇠고기미역국,쌀밥,야채크로켓&스위트칠리소스,새우젓호박볶음,치커리생채,배추김치','','',49526,'','',0,0,'',NULL);
INSERT INTO restaurants_menuitem VALUES(36,'',0,'떡갈비마요덮밥','맑은팽이장국,두부양념조림,마카로니샐러드,고추지절임,배추김치','','',43804,'','',0,0,'',NULL);
INSERT INTO restaurants_menuitem VALUES(37,'',0,'얼큰해장국','쌀밥,미니돈까스&허니머스타드,도라지생채,검정콩자반,깍두기','','',30403,'','',0,0,'',NULL);
INSERT INTO restaurants_menuitem VALUES(38,'',0,'A코너 : 철판)매운짜장떡볶이','김가루볶음밥,김말이&야끼만두&초간장,그린샐러드&드레싱,배추김치,아이스쥬시쿨 B코너 : 달걀말이&케찹,쌀밥,얼큰콩나물국,소시지야채볶음,오이생채,배추김치','','',42949,'','',0,0,'',NULL);
INSERT INTO restaurants_menuitem VALUES(39,'',0,'치킨까스&데리소스','쌀밥,다시마무국,고추장감자조림,열무나물무침,배추김치','','',35044,'','',0,0,'',NULL);
INSERT INTO restaurants_menuitem VALUES(40,'',0,'사골육수조랭이떡국','쌀밥,들기름두부구이&양념간장,고사리나물볶음,깻잎지무침,배추김치','','',41931,'','',0,1,'',NULL);
INSERT INTO restaurants_menuitem VALUES(41,'',0,'A코너 : 새우튀김오므라이스','맑은유부장국,양념쌀떡꼬치,그린샐러드&드레싱,오복지무침,배추김치 B코너 : 곤드레나물밥&양념간장,근대된장국,미트볼파프리카조림,도토리묵김가루무침,마늘종장아찌,백김치','','',13770,'','',0,1,'',NULL);
INSERT INTO restaurants_menuitem VALUES(42,'',0,'부대찌개&라면사리','쌀밥,사각어묵야채볶음,브로콜리&컬리플라워&초장,오이지무침,깍두기','','',33572,'','',0,0,'',NULL);
INSERT INTO restaurants_menuitem VALUES(43,'',0,'스모크햄구이&케찹','쌀밥,청양초된장찌개,비름나물무침,다시마쌈&초장,깍두기','','',13443,'','',0,1,'',NULL);
INSERT INTO restaurants_menuitem VALUES(44,'',0,'A코너 : 고치돈&데미소스','추가쌀밥,크림스프,토마토스파게티,오이피클,깍두기 B코너 : 돼지고기김치찌개&당면사리,쌀밥,한입땡전,케찹,콩나물무침,부추생채,깍두기','','',30824,'','',0,1,'',NULL);
INSERT INTO restaurants_menuitem VALUES(45,'',0,'가쓰오볶음우동','후리가케밥,교자만두강정,그린샐러드&드레싱,단무지무침,배추김치','','',17915,'','',0,1,'',NULL);
INSERT INTO restaurants_menuitem VALUES(46,'',0,'참치야채죽','추가쌀밥,완자조림,꽈리고추멸치볶음,상추생무침,배추김치','','',29484,'','',0,0,'',NULL);
INSERT INTO restaurants_menuitem VALUES(47,'',0,'A코너 : 시원한냉모밀','스팸마요컵밥,고구마맛탕,락교&초생강,배추김치,요구르트 B코너 : 쇠고기미역국,쌀밥,야채크로켓&스위트칠리소스,새우젓호박볶음,치커리생채,배추김치','','',31903,'','',0,1,'',NULL);
INSERT INTO restaurants_menuitem VALUES(48,'',0,'떡갈비마요덮밥','맑은팽이장국,두부양념조림,마카로니샐러드,고추지절임,배추김치','','',20551,'','',0,1,'',NULL);
INSERT INTO restaurants_menuitem VALUES(49,'',0,'얼큰해장국','쌀밥,미니돈까스&허니머스타드,도라지생채,검정콩자반,깍두기','','',20928,'','',0,1,'',NULL);
INSERT INTO restaurants_menuitem VALUES(50,'',0,'A코너 : 철판)매운짜장떡볶이','김가루볶음밥,김말이&야끼만두&초간장,그린샐러드&드레싱,배추김치,아이스쥬시쿨 B코너 : 달걀말이&케찹,쌀밥,얼큰콩나물국,소시지야채볶음,오이생채,배추김치','','',11909,'','',0,0,'',NULL);
INSERT INTO restaurants_menuitem VALUES(51,'',0,'치킨까스&데리소스','쌀밥,다시마무국,고추장감자조림,열무나물무침,배추김치','','',47528,'','',0,0,'',NULL);
INSERT INTO restaurants_menuitem VALUES(52,'Seasonal Menu 1',52,'Soup','Vegetables','45 min','Main Hall',20143,'','Spicy',0,0,'',NULL);
INSERT INTO restaurants_menuitem VALUES(53,'Seasonal Menu 2',53,'Noodles','Kimchi','1 hour','Counter',34109,'','Spicy',0,1,'',NULL);
INSERT INTO restaurants_menuitem VALUES(54,'Seasonal Menu 3',54,'Soup','Vegetables','30 min','Private Room',47170,'','Sweet',0,0,'',NULL);
INSERT INTO restaurants_menuitem VALUES(55,'Chef Recommendation 4',55,'Soup','Vegetables','45 min','Private Room',16497,'','Mild',0,1,'',NULL);
INSERT INTO restaurants_menuitem VALUES(56,'Special Dish 5',56,'Noodles','Kimchi','1 hour','Main Hall',35240,'','Savory',0,1,'',NULL);
INSERT INTO restaurants_menuitem VALUES(57,'Seasonal Menu 6',57,'Salad','Pickles','45 min','Outdoor',12030,'','Savory',0,0,'',NULL);
INSERT INTO restaurants_menuitem VALUES(58,'Special Dish 7',58,'Soup','Kimchi','20 min','Outdoor',31505,'','Mild',0,0,'',NULL);
INSERT INTO restaurants_menuitem VALUES(59,'',0,'사골육수조랭이떡국','쌀밥,들기름두부구이&양념간장,고사리나물볶음,깻잎지무침,배추김치','','',28811,'','',0,0,'',NULL);
INSERT INTO restaurants_menuitem VALUES(60,'',0,'새우튀김오므라이스','맑은유부장국,양념쌀떡꼬치,그린샐러드&드레싱,오복지무침,배추김치','','',41572,'','',0,1,'',NULL);
INSERT INTO restaurants_menuitem VALUES(61,'',0,'곤드레나물밥&양념간장','근대된장국,미트볼파프리카조림,도토리묵김가루무침,마늘종장아찌,백김치','','',42398,'','',0,1,'',NULL);
INSERT INTO restaurants_menuitem VALUES(62,'',0,'곤드레나물밥&양념간장','근대된장국,미트볼파프리카조림,도토리묵김가루무침,마늘종장아찌,백김치','','',29345,'','',0,0,'',NULL);
INSERT INTO restaurants_menuitem VALUES(63,'',0,'부대찌개&라면사리','쌀밥,사각어묵야채볶음,브로콜리&컬리플라워&초장,오이지무침,깍두기','','',22118,'','',0,1,'',NULL);
INSERT INTO restaurants_menuitem VALUES(64,'',0,'스모크햄구이&케찹','쌀밥,청양초된장찌개,비름나물무침,다시마쌈&초장,깍두기','','',15687,'','',0,0,'',NULL);
INSERT INTO restaurants_menuitem VALUES(65,'',0,'고치돈&데미소스','추가쌀밥,크림스프,토마토스파게티,오이피클,깍두기','','',42128,'','',0,0,'',NULL);
INSERT INTO restaurants_menuitem VALUES(66,'',0,'돼지고기김치찌개&당면사리','쌀밥,한입땡전,케찹,콩나물무침,부추생채,깍두기','','',19020,'','',0,1,'',NULL);
INSERT INTO restaurants_menuitem VALUES(67,'',0,'돼지고기김치찌개&당면사리','쌀밥,한입땡전,케찹,콩나물무침,부추생채,깍두기','','',45972,'','',0,1,'',NULL);
INSERT INTO restaurants_menuitem VALUES(68,'',0,'가쓰오볶음우동','후리가케밥,교자만두강정,그린샐러드&드레싱,단무지무침,배추김치','','',21422,'','',0,1,'',NULL);
INSERT INTO restaurants_menuitem VALUES(69,'',0,'참치야채죽','추가쌀밥,완자조림,꽈리고추멸치볶음,상추생무침,배추김치','','',37648,'','',0,0,'',NULL);
INSERT INTO restaurants_menuitem VALUES(70,'',0,'시원한냉모밀','스팸마요컵밥,고구마맛탕,락교&초생강,배추김치,요구르트','','',27144,'','',0,1,'',NULL);
INSERT INTO restaurants_menuitem VALUES(71,'',0,'쇠고기미역국','쌀밥,야채크로켓&스위트칠리소스,새우젓호박볶음,치커리생채,배추김치','','',28409,'','',0,0,'',NULL);
INSERT INTO restaurants_menuitem VALUES(72,'',0,'쇠고기미역국','쌀밥,야채크로켓&스위트칠리소스,새우젓호박볶음,치커리생채,배추김치','','',34272,'','',0,0,'',NULL);
INSERT INTO restaurants_menuitem VALUES(73,'',0,'떡갈비마요덮밥','맑은팽이장국,두부양념조림,마카로니샐러드,고추지절임,배추김치','','',21774,'','',0,1,'',NULL);
INSERT INTO restaurants_menuitem VALUES(74,'',0,'얼큰해장국','쌀밥,미니돈까스&허니머스타드,도라지생채,검정콩자반,깍두기','','',32324,'','',0,0,'',NULL);
INSERT INTO restaurants_menuitem VALUES(75,'',0,'철판)매운짜장떡볶이','김가루볶음밥,김말이&야끼만두&초간장,그린샐러드&드레싱,배추김치,아이스쥬시쿨','','',49958,'','',0,1,'',NULL);
INSERT INTO restaurants_menuitem VALUES(76,'',0,'달걀말이&케찹','쌀밥,얼큰콩나물국,소시지야채볶음,오이생채,배추김치','','',37846,'','',0,1,'',NULL);
INSERT INTO restaurants_menuitem VALUES(77,'',0,'달걀말이&케찹','쌀밥,얼큰콩나물국,소시지야채볶음,오이생채,배추김치','','',18621,'','',0,1,'',NULL);
INSERT INTO restaurants_menuitem VALUES(78,'',0,'치킨까스&데리소스','쌀밥,다시마무국,고추장감자조림,열무나물무침,배추김치','','',31026,'','',0,1,'',NULL);
INSERT INTO restaurants_menuitem VALUES(79,'',0,'사골육수조랭이떡국','쌀밥,들기름두부구이&양념간장,고사리나물볶음,깻잎지무침,배추김치','morning','jg',5500,'','',0,0,'',NULL);
INSERT INTO restaurants_menuitem VALUES(80,'',0,'새우튀김오므라이스','맑은유부장국,양념쌀떡꼬치,그린샐러드&드레싱,오복지무침,배추김치','','',40534,'','',0,1,'',NULL);
INSERT INTO restaurants_menuitem VALUES(81,'',0,'곤드레나물밥&양념간장','근대된장국,미트볼파프리카조림,도토리묵김가루무침,마늘종장아찌,백김치','','',16446,'','',0,1,'',NULL);
INSERT INTO restaurants_menuitem VALUES(82,'',0,'부대찌개&라면사리','쌀밥,사각어묵야채볶음,브로콜리&컬리플라워&초장,오이지무침,깍두기','dinner','jg',5500,'','',0,0,'',NULL);
INSERT INTO restaurants_menuitem VALUES(83,'',0,'스모크햄구이&케찹','쌀밥,청양초된장찌개,비름나물무침,다시마쌈&초장,깍두기','morning','jg',5500,'','',0,0,'',NULL);
INSERT INTO restaurants_menuitem VALUES(84,'',0,'고치돈&데미소스','추가쌀밥,크림스프,토마토스파게티,오이피클,깍두기','','',18829,'','',0,0,'',NULL);
INSERT INTO restaurants_menuitem VALUES(85,'',0,'돼지고기김치찌개&당면사리','쌀밥,한입땡전,케찹,콩나물무침,부추생채,깍두기','','',43524,'','',0,1,'',NULL);
INSERT INTO restaurants_menuitem VALUES(86,'',0,'가쓰오볶음우동','후리가케밥,교자만두강정,그린샐러드&드레싱,단무지무침,배추김치','dinner','jg',5500,'','',0,0,'',NULL);
INSERT INTO restaurants_menuitem VALUES(87,'',0,'참치야채죽','추가쌀밥,완자조림,꽈리고추멸치볶음,상추생무침,배추김치','morning','jg',5500,'','',0,0,'',NULL);
INSERT INTO restaurants_menuitem VALUES(88,'',0,'시원한냉모밀','스팸마요컵밥,고구마맛탕,락교&초생강,배추김치,요구르트','','',47712,'','',0,0,'',NULL);
INSERT INTO restaurants_menuitem VALUES(89,'',0,'쇠고기미역국','쌀밥,야채크로켓&스위트칠리소스,새우젓호박볶음,치커리생채,배추김치','','',22297,'','',0,1,'',NULL);
INSERT INTO restaurants_menuitem VALUES(90,'',0,'떡갈비마요덮밥','맑은팽이장국,두부양념조림,마카로니샐러드,고추지절임,배추김치','dinner','jg',5500,'','',0,0,'',NULL);
INSERT INTO restaurants_menuitem VALUES(91,'',0,'얼큰해장국','쌀밥,미니돈까스&허니머스타드,도라지생채,검정콩자반,깍두기','morning','jg',5500,'','',0,0,'',NULL);
INSERT INTO restaurants_menuitem VALUES(92,'',0,'철판)매운짜장떡볶이','김가루볶음밥,김말이&야끼만두&초간장,그린샐러드&드레싱,배추김치,아이스쥬시쿨','','',46305,'','',0,1,'',NULL);
INSERT INTO restaurants_menuitem VALUES(93,'',0,'달걀말이&케찹','쌀밥,얼큰콩나물국,소시지야채볶음,오이생채,배추김치','','',27346,'','',0,0,'',NULL);
INSERT INTO restaurants_menuitem VALUES(94,'',0,'치킨까스&데리소스','쌀밥,다시마무국,고추장감자조림,열무나물무침,배추김치','dinner','jg',5500,'','',0,0,'',NULL);
INSERT INTO restaurants_menuitem VALUES(95,'',0,'사골육수조랭이떡국','쌀밥,들기름두부구이&양념간장,고사리나물볶음,깻잎지무침,배추김치','breakfast','jg',5500,'mon','',0,0,'',NULL);
INSERT INTO restaurants_menuitem VALUES(96,'',0,'새우튀김오므라이스','맑은유부장국,양념쌀떡꼬치,그린샐러드&드레싱,오복지무침,배추김치','lunch','jg',6500,'tue','',0,0,'',NULL);
INSERT INTO restaurants_menuitem VALUES(97,'',0,'곤드레나물밥&양념간장','근대된장국,미트볼파프리카조림,도토리묵김가루무침,마늘종장아찌,백김치','lunch','jg',5500,'tue','',0,0,'',NULL);
INSERT INTO restaurants_menuitem VALUES(98,'',0,'부대찌개&라면사리','쌀밥,사각어묵야채볶음,브로콜리&컬리플라워&초장,오이지무침,깍두기','dinner','jg',5500,'tue','',0,0,'',NULL);
INSERT INTO restaurants_menuitem VALUES(99,'',0,'스모크햄구이&케찹','쌀밥,청양초된장찌개,비름나물무침,다시마쌈&초장,깍두기','breakfast','jg',5500,'tue','',0,0,'',NULL);
INSERT INTO restaurants_menuitem VALUES(100,'',0,'고치돈&데미소스','추가쌀밥,크림스프,토마토스파게티,오이피클,깍두기','lunch','jg',6500,'wed','',0,0,'',NULL);
INSERT INTO restaurants_menuitem VALUES(101,'',0,'돼지고기김치찌개&당면사리','쌀밥,한입땡전,케찹,콩나물무침,부추생채,깍두기','lunch','jg',5500,'wed','',0,0,'',NULL);
INSERT INTO restaurants_menuitem VALUES(102,'',0,'가쓰오볶음우동','후리가케밥,교자만두강정,그린샐러드&드레싱,단무지무침,배추김치','dinner','jg',5500,'wed','',0,0,'',NULL);
INSERT INTO restaurants_menuitem VALUES(103,'',0,'참치야채죽','추가쌀밥,완자조림,꽈리고추멸치볶음,상추생무침,배추김치','breakfast','jg',5500,'wed','',0,0,'',NULL);
INSERT INTO restaurants_menuitem VALUES(104,'',0,'시원한냉모밀','스팸마요컵밥,고구마맛탕,락교&초생강,배추김치,요구르트','lunch','jg',6500,'thu','',0,0,'',NULL);
INSERT INTO restaurants_menuitem VALUES(105,'',0,'쇠고기미역국','쌀밥,야채크로켓&스위트칠리소스,새우젓호박볶음,치커리생채,배추김치','lunch','jg',5500,'thu','',0,0,'',NULL);
INSERT INTO restaurants_menuitem VALUES(106,'',0,'떡갈비마요덮밥','맑은팽이장국,두부양념조림,마카로니샐러드,고추지절임,배추김치','dinner','jg',5500,'thu','',0,0,'',NULL);
INSERT INTO restaurants_menuitem VALUES(107,'',0,'얼큰해장국','쌀밥,미니돈까스&허니머스타드,도라지생채,검정콩자반,깍두기','breakfast','jg',5500,'thu','',0,0,'',NULL);
INSERT INTO restaurants_menuitem VALUES(108,'',0,'철판)매운짜장떡볶이','김가루볶음밥,김말이&야끼만두&초간장,그린샐러드&드레싱,배추김치,아이스쥬시쿨','lunch','jg',6500,'fri','',0,0,'',NULL);
INSERT INTO restaurants_menuitem VALUES(109,'',0,'달걀말이&케찹','쌀밥,얼큰콩나물국,소시지야채볶음,오이생채,배추김치','lunch','jg',5500,'fri','',0,0,'',NULL);
INSERT INTO restaurants_menuitem VALUES(110,'',0,'치킨까스&데리소스','쌀밥,다시마무국,고추장감자조림,열무나물무침,배추김치','dinner','jg',5500,'fri','',0,0,'',NULL);
INSERT INTO restaurants_menuitem VALUES(111,'',0,'사골육수조랭이떡국','쌀밥,들기름두부구이&양념간장,고사리나물볶음,깻잎지무침,배추김치','breakfast','jg',5500,'mon','',NULL,0,'',NULL);
INSERT INTO restaurants_menuitem VALUES(112,'',0,'새우튀김오므라이스','맑은유부장국,양념쌀떡꼬치,그린샐러드&드레싱,오복지무침,배추김치','lunch','jg',6500,'tue','',NULL,0,'',NULL);
INSERT INTO restaurants_menuitem VALUES(113,'',0,'곤드레나물밥&양념간장','근대된장국,미트볼파프리카조림,도토리묵김가루무침,마늘종장아찌,백김치','lunch','jg',5500,'tue','',NULL,0,'',NULL);
INSERT INTO restaurants_menuitem VALUES(114,'',0,'부대찌개&라면사리','쌀밥,사각어묵야채볶음,브로콜리&컬리플라워&초장,오이지무침,깍두기','dinner','jg',5500,'tue','',NULL,0,'',NULL);
INSERT INTO restaurants_menuitem VALUES(115,'',0,'스모크햄구이&케찹','쌀밥,청양초된장찌개,비름나물무침,다시마쌈&초장,깍두기','breakfast','jg',5500,'tue','',NULL,0,'',NULL);
INSERT INTO restaurants_menuitem VALUES(116,'',0,'고치돈&데미소스','추가쌀밥,크림스프,토마토스파게티,오이피클,깍두기','lunch','jg',6500,'wed','',NULL,0,'',NULL);
INSERT INTO restaurants_menuitem VALUES(117,'',0,'돼지고기김치찌개&당면사리','쌀밥,한입땡전,케찹,콩나물무침,부추생채,깍두기','lunch','jg',5500,'wed','',NULL,0,'',NULL);
INSERT INTO restaurants_menuitem VALUES(118,'',0,'가쓰오볶음우동','후리가케밥,교자만두강정,그린샐러드&드레싱,단무지무침,배추김치','dinner','jg',5500,'wed','',NULL,0,'',NULL);
INSERT INTO restaurants_menuitem VALUES(119,'',0,'참치야채죽','추가쌀밥,완자조림,꽈리고추멸치볶음,상추생무침,배추김치','breakfast','jg',5500,'wed','',NULL,0,'',NULL);
INSERT INTO restaurants_menuitem VALUES(120,'',0,'시원한냉모밀','스팸마요컵밥,고구마맛탕,락교&초생강,배추김치,요구르트','lunch','jg',6500,'thu','',NULL,0,'',NULL);
INSERT INTO restaurants_menuitem VALUES(121,'',0,'쇠고기미역국','쌀밥,야채크로켓&스위트칠리소스,새우젓호박볶음,치커리생채,배추김치','lunch','jg',5500,'thu','',NULL,0,'',NULL);
INSERT INTO restaurants_menuitem VALUES(122,'',0,'떡갈비마요덮밥','맑은팽이장국,두부양념조림,마카로니샐러드,고추지절임,배추김치','dinner','jg',5500,'thu','',NULL,0,'',NULL);
INSERT INTO restaurants_menuitem VALUES(123,'',0,'얼큰해장국','쌀밥,미니돈까스&허니머스타드,도라지생채,검정콩자반,깍두기','breakfast','jg',5500,'thu','',NULL,0,'',NULL);
INSERT INTO restaurants_menuitem VALUES(124,'',0,'철판)매운짜장떡볶이','김가루볶음밥,김말이&야끼만두&초간장,그린샐러드&드레싱,배추김치,아이스쥬시쿨','lunch','jg',6500,'fri','',NULL,0,'',NULL);
INSERT INTO restaurants_menuitem VALUES(125,'',0,'달걀말이&케찹','쌀밥,얼큰콩나물국,소시지야채볶음,오이생채,배추김치','lunch','jg',5500,'fri','',NULL,0,'',NULL);
INSERT INTO restaurants_menuitem VALUES(126,'',0,'치킨까스&데리소스','쌀밥,다시마무국,고추장감자조림,열무나물무침,배추김치','dinner','jg',5500,'fri','',NULL,0,'',NULL);
INSERT INTO restaurants_menuitem VALUES(127,'',0,'사골육수조랭이떡국','쌀밥,들기름두부구이&양념간장,고사리나물볶음,깻잎지무침,배추김치','breakfast','jg',5500,'mon','',NULL,0,'',NULL);
INSERT INTO restaurants_menuitem VALUES(128,'',0,'새우튀김오므라이스','맑은유부장국,양념쌀떡꼬치,그린샐러드&드레싱,오복지무침,배추김치','lunch','jg',6500,'tue','',NULL,0,'',NULL);
INSERT INTO restaurants_menuitem VALUES(129,'',0,'곤드레나물밥&양념간장','근대된장국,미트볼파프리카조림,도토리묵김가루무침,마늘종장아찌,백김치','lunch','jg',5500,'tue','',NULL,0,'',NULL);
INSERT INTO restaurants_menuitem VALUES(130,'',0,'부대찌개&라면사리','쌀밥,사각어묵야채볶음,브로콜리&컬리플라워&초장,오이지무침,깍두기','dinner','jg',5500,'tue','',NULL,0,'',NULL);
INSERT INTO restaurants_menuitem VALUES(131,'',0,'스모크햄구이&케찹','쌀밥,청양초된장찌개,비름나물무침,다시마쌈&초장,깍두기','breakfast','jg',5500,'tue','',NULL,0,'',NULL);
INSERT INTO restaurants_menuitem VALUES(132,'',0,'고치돈&데미소스','추가쌀밥,크림스프,토마토스파게티,오이피클,깍두기','lunch','jg',6500,'wed','',NULL,0,'',NULL);
INSERT INTO restaurants_menuitem VALUES(133,'',0,'돼지고기김치찌개&당면사리','쌀밥,한입땡전,케찹,콩나물무침,부추생채,깍두기','lunch','jg',5500,'wed','',NULL,0,'',NULL);
INSERT INTO restaurants_menuitem VALUES(134,'',0,'가쓰오볶음우동','후리가케밥,교자만두강정,그린샐러드&드레싱,단무지무침,배추김치','dinner','jg',5500,'wed','',NULL,0,'',NULL);
INSERT INTO restaurants_menuitem VALUES(135,'',0,'참치야채죽','추가쌀밥,완자조림,꽈리고추멸치볶음,상추생무침,배추김치','breakfast','jg',5500,'wed','',NULL,0,'',NULL);
INSERT INTO restaurants_menuitem VALUES(136,'',0,'시원한냉모밀','스팸마요컵밥,고구마맛탕,락교&초생강,배추김치,요구르트','lunch','jg',6500,'thu','',NULL,0,'',NULL);
INSERT INTO restaurants_menuitem VALUES(137,'',0,'쇠고기미역국','쌀밥,야채크로켓&스위트칠리소스,새우젓호박볶음,치커리생채,배추김치','lunch','jg',5500,'thu','',NULL,0,'',NULL);
INSERT INTO restaurants_menuitem VALUES(138,'',0,'떡갈비마요덮밥','맑은팽이장국,두부양념조림,마카로니샐러드,고추지절임,배추김치','dinner','jg',5500,'thu','',NULL,0,'',NULL);
INSERT INTO restaurants_menuitem VALUES(139,'',0,'얼큰해장국','쌀밥,미니돈까스&허니머스타드,도라지생채,검정콩자반,깍두기','breakfast','jg',5500,'thu','',NULL,0,'',NULL);
INSERT INTO restaurants_menuitem VALUES(140,'',0,'철판)매운짜장떡볶이','김가루볶음밥,김말이&야끼만두&초간장,그린샐러드&드레싱,배추김치,아이스쥬시쿨','lunch','jg',6500,'fri','',NULL,0,'',NULL);
INSERT INTO restaurants_menuitem VALUES(141,'',0,'달걀말이&케찹','쌀밥,얼큰콩나물국,소시지야채볶음,오이생채,배추김치','lunch','jg',5500,'fri','',NULL,0,'',NULL);
INSERT INTO restaurants_menuitem VALUES(142,'',0,'치킨까스&데리소스','쌀밥,다시마무국,고추장감자조림,열무나물무침,배추김치','dinner','jg',5500,'fri','',NULL,0,'',NULL);
INSERT INTO restaurants_menuitem VALUES(143,'',0,'사골육수조랭이떡국','쌀밥,들기름두부구이&양념간장,고사리나물볶음,깻잎지무침,배추김치','breakfast','jg',5500,'tue','',NULL,0,'',NULL);
INSERT INTO restaurants_menuitem VALUES(144,'',0,'새우튀김오므라이스','맑은유부장국,양념쌀떡꼬치,그린샐러드&드레싱,오복지무침,배추김치','lunch','jg',6500,'tue','',NULL,0,'',NULL);
INSERT INTO restaurants_menuitem VALUES(145,'',0,'곤드레나물밥&양념간장','근대된장국,미트볼파프리카조림,도토리묵김가루무침,마늘종장아찌,백김치','lunch','jg',5500,'tue','',NULL,0,'',NULL);
INSERT INTO restaurants_menuitem VALUES(146,'',0,'부대찌개&라면사리','쌀밥,사각어묵야채볶음,브로콜리&컬리플라워&초장,오이지무침,깍두기','dinner','jg',5500,'tue','',NULL,0,'',NULL);
INSERT INTO restaurants_menuitem VALUES(147,'',0,'스모크햄구이&케찹','쌀밥,청양초된장찌개,비름나물무침,다시마쌈&초장,깍두기','breakfast','jg',5500,'wed','',NULL,0,'',NULL);
INSERT INTO restaurants_menuitem VALUES(148,'',0,'고치돈&데미소스','추가쌀밥,크림스프,토마토스파게티,오이피클,깍두기','lunch','jg',6500,'wed','',NULL,0,'',NULL);
INSERT INTO restaurants_menuitem VALUES(149,'',0,'돼지고기김치찌개&당면사리','쌀밥,한입땡전,케찹,콩나물무침,부추생채,깍두기','lunch','jg',5500,'wed','',NULL,0,'',NULL);
INSERT INTO restaurants_menuitem VALUES(150,'',0,'가쓰오볶음우동','후리가케밥,교자만두강정,그린샐러드&드레싱,단무지무침,배추김치','dinner','jg',5500,'wed','',NULL,0,'',NULL);
INSERT INTO restaurants_menuitem VALUES(151,'',0,'참치야채죽','추가쌀밥,완자조림,꽈리고추멸치볶음,상추생무침,배추김치','breakfast','jg',5500,'thu','',NULL,0,'',NULL);
INSERT INTO restaurants_menuitem VALUES(152,'',0,'시원한냉모밀','스팸마요컵밥,고구마맛탕,락교&초생강,배추김치,요구르트','lunch','jg',6500,'thu','',NULL,0,'',NULL);
INSERT INTO restaurants_menuitem VALUES(153,'',0,'쇠고기미역국','쌀밥,야채크로켓&스위트칠리소스,새우젓호박볶음,치커리생채,배추김치','lunch','jg',5500,'thu','',NULL,0,'',NULL);
INSERT INTO restaurants_menuitem VALUES(154,'',0,'떡갈비마요덮밥','맑은팽이장국,두부양념조림,마카로니샐러드,고추지절임,배추김치','dinner','jg',5500,'thu','',NULL,0,'',NULL);
INSERT INTO restaurants_menuitem VALUES(155,'',0,'얼큰해장국','쌀밥,미니돈까스&허니머스타드,도라지생채,검정콩자반,깍두기','breakfast','jg',5500,'fri','',NULL,0,'',NULL);
INSERT INTO restaurants_menuitem VALUES(156,'',0,'철판)매운짜장떡볶이','김가루볶음밥,김말이&야끼만두&초간장,그린샐러드&드레싱,배추김치,아이스쥬시쿨','lunch','jg',6500,'fri','',NULL,0,'',NULL);
INSERT INTO restaurants_menuitem VALUES(157,'',0,'달걀말이&케찹','쌀밥,얼큰콩나물국,소시지야채볶음,오이생채,배추김치','lunch','jg',5500,'fri','',NULL,0,'',NULL);
INSERT INTO restaurants_menuitem VALUES(158,'',0,'치킨까스&데리소스','쌀밥,다시마무국,고추장감자조림,열무나물무침,배추김치','dinner','jg',5500,'fri','',NULL,0,'',NULL);
INSERT INTO restaurants_menuitem VALUES(159,'',0,'순살간장찜닭(닭다리살,가슴살:국내산)','잡곡밥','lunch','hufs',6500,'tue','',NULL,0,'',NULL);
INSERT INTO restaurants_menuitem VALUES(160,'',0,'치즈오븐미트소스스파게티(우정육:국내산유우)','훈제오리필라프(훈제오리:중국산)','lunch','hufs',6500,'wed','',NULL,0,'',NULL);
INSERT INTO restaurants_menuitem VALUES(161,'',0,'자반고등어구이(고둥어:노르웨이산)','잡곡밥','lunch','hufs',6500,'thu','',NULL,0,'',NULL);
INSERT INTO restaurants_menuitem VALUES(162,'',0,'치킨텐더*렌치소스(닭:국내산)','잡곡밥','lunch','hufs',6500,'fri','',NULL,0,'',NULL);
INSERT INTO restaurants_menuitem VALUES(163,'',0,'순살간장찜닭(닭다리살,가슴살:국내산)','잡곡밥','lunch','hg',6500,'tue','',NULL,0,'',NULL);
INSERT INTO restaurants_menuitem VALUES(164,'',0,'치즈오븐미트소스스파게티(우정육:국내산유우)','훈제오리필라프(훈제오리:중국산)','lunch','hg',6500,'wed','',NULL,0,'',NULL);
INSERT INTO restaurants_menuitem VALUES(165,'',0,'자반고등어구이(고둥어:노르웨이산)','잡곡밥','lunch','hg',6500,'thu','',NULL,0,'',NULL);
INSERT INTO restaurants_menuitem VALUES(166,'',0,'치킨텐더*렌치소스(닭:국내산)','잡곡밥','lunch','hg',6500,'fri','',NULL,0,'',NULL);
INSERT INTO restaurants_menuitem VALUES(167,'',0,'순살간장찜닭(닭다리살,가슴살:국내산)','잡곡밥','lunch','hg',6500,'tue','',NULL,0,'',NULL);
INSERT INTO restaurants_menuitem VALUES(168,'',0,'치즈오븐미트소스스파게티(우정육:국내산유우)','훈제오리필라프(훈제오리:중국산)','lunch','hg',6500,'wed','',NULL,0,'',NULL);
INSERT INTO restaurants_menuitem VALUES(169,'',0,'자반고등어구이(고둥어:노르웨이산)','잡곡밥','lunch','hg',6500,'thu','',NULL,0,'',NULL);
INSERT INTO restaurants_menuitem VALUES(170,'',0,'치킨텐더*렌치소스(닭:국내산)','잡곡밥','lunch','hg',6500,'fri','',NULL,0,'',NULL);
INSERT INTO restaurants_menuitem VALUES(171,'',0,'소고기국밥','오이생채','lunch','hi',4000,'tue','',NULL,0,'',NULL);
INSERT INTO restaurants_menuitem VALUES(172,'',0,'제육볶음','무어묵국','lunch','hi',4000,'wed','',NULL,0,'',NULL);
INSERT INTO restaurants_menuitem VALUES(173,'',0,'된장찌개','계란찜','lunch','hi',4000,'thu','',NULL,0,'',NULL);
INSERT INTO restaurants_menuitem VALUES(174,'',0,'오징어볶음','소고기무국','lunch','hi',4000,'fri','',NULL,0,'',NULL);
INSERT INTO restaurants_menuitem VALUES(175,'',0,'고구마돈가스','크림스프','lunch','hi',4000,'tue','',NULL,0,'',NULL);
INSERT INTO restaurants_menuitem VALUES(176,'',0,'순살감자탕','콘튜나샐러드','lunch','hi',4000,'wed','',NULL,0,'',NULL);
INSERT INTO restaurants_menuitem VALUES(177,'',0,'상추쌈정식','콩나물국','lunch','hi',4000,'thu','',NULL,0,'',NULL);
INSERT INTO restaurants_menuitem VALUES(178,'',0,'치즈치킨까스','크림스프','lunch','hi',4000,'fri','',NULL,0,'',NULL);
INSERT INTO restaurants_menuitem VALUES(179,'',0,'열무비빔밥','소고기미역국','lunch','hi',3500,'tue','',NULL,0,'',NULL);
INSERT INTO restaurants_menuitem VALUES(180,'',0,'스끼야끼덮밥','두부장국','lunch','hi',4000,'wed','',NULL,0,'',NULL);
INSERT INTO restaurants_menuitem VALUES(181,'',0,'갈비탕','오이부추무침','lunch','hi',4000,'thu','',NULL,0,'',NULL);
INSERT INTO restaurants_menuitem VALUES(182,'',0,'볶음밥&자장소스','얼갈이배추국','lunch','hi',4000,'fri','',NULL,0,'',NULL);
INSERT INTO restaurants_menuitem VALUES(183,'',0,'중화제육면','돈육:국내산','lunch','hi',3000,'tue','',NULL,0,'',NULL);
INSERT INTO restaurants_menuitem VALUES(184,'',0,'돈불고기덮밥','계란국','lunch','hi',3500,'tue','',NULL,0,'',NULL);
INSERT INTO restaurants_menuitem VALUES(185,'',0,'설렁탕','양념깻잎','lunch','hi',3500,'wed','',NULL,0,'',NULL);
INSERT INTO restaurants_menuitem VALUES(186,'',0,'오무라이스','근대국','lunch','hi',4000,'thu','',NULL,0,'',NULL);
INSERT INTO restaurants_menuitem VALUES(187,'',0,'제육볶음덮밥','유부장국','lunch','hi',3500,'fri','',NULL,0,'',NULL);
INSERT INTO restaurants_menuitem VALUES(188,'',0,'소고기국밥','오이생채','breakfast','hi',4000,'tue','',NULL,0,'',NULL);
INSERT INTO restaurants_menuitem VALUES(189,'',0,'제육볶음','무어묵국','breakfast','hi',4000,'wed','',NULL,0,'',NULL);
INSERT INTO restaurants_menuitem VALUES(190,'',0,'된장찌개','계란찜','breakfast','hi',4000,'thu','',NULL,0,'',NULL);
INSERT INTO restaurants_menuitem VALUES(191,'',0,'오징어볶음','소고기무국','breakfast','hi',4000,'fri','',NULL,0,'',NULL);
INSERT INTO restaurants_menuitem VALUES(192,'',0,'고구마돈가스','크림스프','lunch','hi',4000,'tue','',NULL,0,'',NULL);
INSERT INTO restaurants_menuitem VALUES(193,'',0,'순살감자탕','콘튜나샐러드','lunch','hi',4000,'wed','',NULL,0,'',NULL);
INSERT INTO restaurants_menuitem VALUES(194,'',0,'상추쌈정식','콩나물국','lunch','hi',4000,'thu','',NULL,0,'',NULL);
INSERT INTO restaurants_menuitem VALUES(195,'',0,'치즈치킨까스','크림스프','lunch','hi',4000,'fri','',NULL,0,'',NULL);
INSERT INTO restaurants_menuitem VALUES(196,'',0,'열무비빔밥','소고기미역국','lunch','hi',3500,'tue','',NULL,0,'',NULL);
INSERT INTO restaurants_menuitem VALUES(197,'',0,'스끼야끼덮밥','두부장국','lunch','hi',4000,'wed','',NULL,0,'',NULL);
INSERT INTO restaurants_menuitem VALUES(198,'',0,'갈비탕','오이부추무침','lunch','hi',4000,'thu','',NULL,0,'',NULL);
INSERT INTO restaurants_menuitem VALUES(199,'',0,'볶음밥&자장소스','얼갈이배추국','lunch','hi',4000,'fri','',NULL,0,'',NULL);
INSERT INTO restaurants_menuitem VALUES(200,'',0,'중화제육면','돈육:국내산','lunch','hi',3000,'tue','',NULL,0,'',NULL);
INSERT INTO restaurants_menuitem VALUES(201,'',0,'돈불고기덮밥','계란국','dinner','hi',3500,'tue','',NULL,0,'',NULL);
INSERT INTO restaurants_menuitem VALUES(202,'',0,'설렁탕','양념깻잎','dinner','hi',3500,'wed','',NULL,0,'',NULL);
INSERT INTO restaurants_menuitem VALUES(203,'',0,'오무라이스','근대국','dinner','hi',4000,'thu','',NULL,0,'',NULL);
INSERT INTO restaurants_menuitem VALUES(204,'',0,'제육볶음덮밥','유부장국','dinner','hi',3500,'fri','',NULL,0,'',NULL);
INSERT INTO restaurants_menuitem VALUES(205,'',0,'소고기국밥','오이생채','breakfast','hi',4000,'tue','',NULL,0,'',NULL);
INSERT INTO restaurants_menuitem VALUES(206,'',0,'제육볶음','무어묵국','breakfast','hi',4000,'wed','',NULL,0,'',NULL);
INSERT INTO restaurants_menuitem VALUES(207,'',0,'된장찌개','계란찜','breakfast','hi',4000,'thu','',NULL,0,'',NULL);
INSERT INTO restaurants_menuitem VALUES(208,'',0,'오징어볶음','소고기무국','breakfast','hi',4000,'fri','',NULL,0,'',NULL);
INSERT INTO restaurants_menuitem VALUES(209,'',0,'고구마돈가스','크림스프','lunch','hi',4000,'tue','',NULL,0,'',NULL);
INSERT INTO restaurants_menuitem VALUES(210,'',0,'순살감자탕','콘튜나샐러드','lunch','hi',4000,'wed','',NULL,0,'',NULL);
INSERT INTO restaurants_menuitem VALUES(211,'',0,'상추쌈정식','콩나물국','lunch','hi',4000,'thu','',NULL,0,'',NULL);
INSERT INTO restaurants_menuitem VALUES(212,'',0,'치즈치킨까스','크림스프','lunch','hi',4000,'fri','',NULL,0,'',NULL);
INSERT INTO restaurants_menuitem VALUES(213,'',0,'열무비빔밥','소고기미역국','lunch','hi',3500,'tue','',NULL,0,'',NULL);
INSERT INTO restaurants_menuitem VALUES(214,'',0,'스끼야끼덮밥','두부장국','lunch','hi',4000,'wed','',NULL,0,'',NULL);
INSERT INTO restaurants_menuitem VALUES(215,'',0,'갈비탕','오이부추무침','lunch','hi',4000,'thu','',NULL,0,'',NULL);
INSERT INTO restaurants_menuitem VALUES(216,'',0,'볶음밥&자장소스','얼갈이배추국','lunch','hi',4000,'fri','',NULL,0,'',NULL);
INSERT INTO restaurants_menuitem VALUES(217,'',0,'중화제육면','돈육:국내산','lunch','hi',3000,'tue','',NULL,0,'',NULL);
INSERT INTO restaurants_menuitem VALUES(218,'',0,'돈불고기덮밥','계란국','dinner','hi',3500,'tue','',NULL,0,'',NULL);
INSERT INTO restaurants_menuitem VALUES(219,'',0,'설렁탕','양념깻잎','dinner','hi',3500,'wed','',NULL,0,'',NULL);
INSERT INTO restaurants_menuitem VALUES(220,'',0,'오무라이스','근대국','dinner','hi',4000,'thu','',NULL,0,'',NULL);
INSERT INTO restaurants_menuitem VALUES(221,'',0,'제육볶음덮밥','유부장국','dinner','hi',3500,'fri','',NULL,0,'',NULL);
INSERT INTO restaurants_menuitem VALUES(222,'',0,'순살간장찜닭(닭다리살,가슴살:국내산)','잡곡밥','lunch','hg',6500,'tue','',NULL,0,'',NULL);
INSERT INTO restaurants_menuitem VALUES(223,'',0,'치즈오븐미트소스스파게티(우정육:국내산유우)','훈제오리필라프(훈제오리:중국산)','lunch','hg',6500,'wed','',NULL,0,'',NULL);
INSERT INTO restaurants_menuitem VALUES(224,'',0,'자반고등어구이(고둥어:노르웨이산)','잡곡밥','lunch','hg',6500,'thu','',NULL,0,'',NULL);
INSERT INTO restaurants_menuitem VALUES(225,'',0,'치킨텐더*렌치소스(닭:국내산)','잡곡밥','lunch','hg',6500,'fri','',NULL,0,'',NULL);
INSERT INTO restaurants_menuitem VALUES(226,'',0,'낙지콩나물덮밥','유부장국, 유린기 닭:브라질산, 중화품배추찜, 마카로니크래미샐러드, 고들빼기무침, 마시는 요구르트','lunch','cg',8000,'tue','',0,1,'/낙지콩나물덮밥.png',NULL);
INSERT INTO restaurants_menuitem VALUES(227,'',0,'참치마요주먹밥','두부&소스, 삶은계란, 두유','breakfast','ch',1000,'tue','',0,1,'/참치마요주먹밥.png',NULL);
INSERT INTO restaurants_menuitem VALUES(228,'',0,'꼬막비빔밥','팽이장국, 배추김치, 요구르트','lunch','ch',5500,'tue','',0,1,'/꼬막비빔밥.png',NULL);
INSERT INTO restaurants_menuitem VALUES(229,'',0,'육회비빔밥','팽이장국, 배추김치, 요구르트','lunch','ch',6000,'tue','',0,0,'/육회비빔밥.png',NULL);
INSERT INTO restaurants_menuitem VALUES(230,'',0,'전복육회비빔밥','팽이장국, 배추김치, 요구르트','lunch','ch',7500,'tue','',0,0,'/전복육회비빔밥.png',NULL);
INSERT INTO restaurants_menuitem VALUES(231,'',0,'떡볶이돈까스','스쿱밥, 팽이장국, 그린샐러드&드레싱, 단무지','lunch','ch',5800,'tue','',0,0,'/떡볶이돈까스.png',NULL);
INSERT INTO restaurants_menuitem VALUES(232,'',0,'떡볶이치킨까스','스쿱밥, 팽이장국, 그린샐러드&드레싱, 단무지','lunch','ch',5800,'tue','',0,1,'/떡볶이치킨까스.png',NULL);
INSERT INTO restaurants_menuitem VALUES(233,'',0,'참치김치찌개','쌀밥, 콘소메이징치킨 닭:브라질산, 마늘쫑무침, 김구이','lunch','ch',5500,'tue','',0,1,'/참치김치찌개.png',NULL);
INSERT INTO restaurants_menuitem VALUES(234,'',0,'한방돼지갈비찜','쌀밥, 미역국, 부추잡채, 배추김치','dinner','ch',5800,'tue','',0,0,'/한방돼지갈비찜.png',NULL);
INSERT INTO restaurants_menuitem VALUES(235,'',0,'닭목은지닭볶음탕','흑미밥, 모듬버섯볶음, 굴소스청경채찜, 양배추채샐러드&드레싱, 배추김치, 파인애플, 냉옥수수수염차','lunch','cg',8000,'wed','',0,1,'/닭목은지닭볶음탕.png',NULL);
INSERT INTO restaurants_menuitem VALUES(236,'',0,'샐러드파스타포케','현미밥','breakfast','ch',1000,'wed','',0,1,'/샐러드파스타포케.png',NULL);
INSERT INTO restaurants_menuitem VALUES(237,'',0,'첨보메밀국수','단무지','lunch','ch',6500,'wed','',0,1,'/첨보메밀국수.png',NULL);
INSERT INTO restaurants_menuitem VALUES(238,'',0,'주꾸미콩나물비빔밥','배추된장국, 우거지:중국산, 배추김치, 요구르트','lunch','ch',5500,'wed','',0,1,'/주꾸미콩나물비빔밥.png',NULL);
INSERT INTO restaurants_menuitem VALUES(239,'',0,'육회비빔밥','배추된장국, 우거지:중국산, 배추김치, 요구르트','lunch','ch',6000,'wed','',0,0,'/육회비빔밥.png',NULL);
INSERT INTO restaurants_menuitem VALUES(240,'',0,'전복육회비빔밥','배추된장국, 우거지:중국산, 배추김치, 요구르트','lunch','ch',7500,'wed','',0,0,'/전복육회비빔밥.png',NULL);
INSERT INTO restaurants_menuitem VALUES(241,'',0,'비빔물냉면','갈비만두','lunch','ch',5500,'wed','',0,0,'/비빔물냉면_갈비만두.png',NULL);
INSERT INTO restaurants_menuitem VALUES(242,'',0,'비빔물냉면','숯불고기, 단무지','lunch','ch',5800,'wed','',0,0,'/비빔물냉면_숯불고기.png',NULL);
INSERT INTO restaurants_menuitem VALUES(243,'',0,'우거지수육국밥','쌀밥, 새송이버섯볶음, 깍두기, 요구르트','lunch','ch',5800,'wed','',0,0,'/우거지수육국밥.png',NULL);
INSERT INTO restaurants_menuitem VALUES(244,'',0,'소고기간장찜밥','팽이맑은국, 배추탕수육, 짜사이무침, 요구르트','dinner','ch',5500,'wed','',0,0,'/소고기간장찜밥.png',NULL);
INSERT INTO restaurants_menuitem VALUES(245,'',0,'맑은소고기육개장','쌀밥, 왕교자튀김, 올방개묵파프리카무침, 비름나물, 멕시칸샐러드, 스모크햄-계육,돈육:국산, 깍두기, 냉매실차','lunch','cg',8000,'thu','',0,0,'/맑은소고기육개장.png',NULL);
INSERT INTO restaurants_menuitem VALUES(246,'',0,'닭가슴살큐브데리야끼','김주먹밥','breakfast','ch',1000,'thu','',0,1,'/닭가슴살큐브데리야끼.png',NULL);
INSERT INTO restaurants_menuitem VALUES(247,'',0,'하이라이스치킨도리아','그린샐러드&드레싱, 오이피클, 요구르트','lunch','ch',5800,'thu','',0,1,'/하이라이스치킨도리아.png',NULL);
INSERT INTO restaurants_menuitem VALUES(248,'',0,'소고기가지덮밥','꽁도너츠, 이색컬리&초장, 배추김치','lunch','ch',5800,'thu','',0,0,'/소고기가지덮밥.png',NULL);
INSERT INTO restaurants_menuitem VALUES(249,'',0,'돈육고추장채밥','꽃빵, 왕교자튀김, 단무지','lunch','ch',5500,'thu','',0,0,'/돈육고추장채밥.png',NULL);
INSERT INTO restaurants_menuitem VALUES(250,'',0,'나주고마탕','쌀밥, 수제계란말이, 이색컬리&초장, 깍두기','lunch','ch',5500,'thu','',0,0,'/나주고마탕.png',NULL);
INSERT INTO restaurants_menuitem VALUES(251,'',0,'마늘쫑마파두부덮밥','무채국, 비엔나앤소량조림, 동살콘오징어너겟, 단무지','dinner','ch',5500,'thu','',0,0,'/마늘쫑마파두부덮밥.png',NULL);
INSERT INTO restaurants_menuitem VALUES(252,'',0,'초계국수','후리가케주먹밥, 무채국, 메밀전병, 콩나물무침, 그린샐러드&드레싱, 백김치, 냉루이보스티','lunch','cg',8000,'fri','',0,1,'/초계국수.png',NULL);
INSERT INTO restaurants_menuitem VALUES(253,'',0,'리코타치즈포케','현미밥','breakfast','ch',1000,'fri','',0,1,'/리코타치즈포케.png',NULL);
INSERT INTO restaurants_menuitem VALUES(254,'',0,'돈코츠라멘','추가쌀밥, 단무지','lunch','ch',5500,'fri','',0,0,'/돈코츠라멘.png',NULL);
INSERT INTO restaurants_menuitem VALUES(255,'',0,'자메이카닭다리구이','야채볶음밥, 그린샐러드&드레싱, 치킨무, 요구르트','lunch','ch',5800,'fri','',0,1,'/자메이카닭다리구이.png',NULL);
INSERT INTO restaurants_menuitem VALUES(256,'',0,'얼큰소고기국밥','쌀밥, 통들깨부추전, 도토리묵&양념장, 깍두기','lunch','ch',5500,'fri','',0,0,'/얼큰소고기국밥.png',NULL);
INSERT INTO restaurants_menuitem VALUES(257,'',0,'김치돈까스나베','추가쌀밥/우동사리, 마카로니햄샐러드, 스모크햄-계육,돈육:국산, 단무지','dinner','ch',5800,'fri','',0,0,'/김치돈까스나베.png',NULL);
INSERT INTO restaurants_menuitem VALUES(258,'',0,'낙지콩나물덮밥','유부장국, 유린기 닭:브라질산, 중화품배추찜, 마카로니크래미샐러드, 고들빼기무침, 마시는 요구르트','lunch','cg',8000,'tue','',0,1,'/낙지콩나물덮밥.png',NULL);
INSERT INTO restaurants_menuitem VALUES(259,'',0,'닭목이버섯볶음','흑미밥, 모듬버섯볶음, 굴소스청경채찜, 양배추채샐러드&드레싱, 배추김치, 파인애플, 냉옥수수수염차','lunch','cg',8000,'tue','',0,1,'/닭목이버섯볶음.png',NULL);
INSERT INTO restaurants_menuitem VALUES(260,'',0,'참치마요주먹밥','참치:베트남산, 연두부&소스 연두부-대두:외국산, 삶은계란, 두유','breakfast','ch',1000,'tue','',0,1,'/참치마요주먹밥.png',NULL);
INSERT INTO restaurants_menuitem VALUES(261,'',0,'샐러드파스타포케','현미밥','breakfast','ch',1000,'tue','',0,1,'/샐러드파스타포케.png',NULL);
INSERT INTO restaurants_menuitem VALUES(262,'',0,'꼬막비빔밥','배추김치, 요구르트','lunch','ch',5500,'tue','',0,1,'/꼬막비빔밥.png',NULL);
INSERT INTO restaurants_menuitem VALUES(263,'',0,'육회비빔밥','소:호주산, 배추김치, 요구르트','lunch','ch',6000,'tue','',0,1,'/육회비빔밥.png',NULL);
INSERT INTO restaurants_menuitem VALUES(264,'',0,'점보육회비빔밥','소:호주산, 팽이장국, 배추김치, 요구르트','lunch','ch',7500,'tue','',0,1,'/점보육회비빔밥.png',NULL);
INSERT INTO restaurants_menuitem VALUES(265,'',0,'떡볶이돈까스','돈까스-돼지:미국산, 스쿱밥, 팽이장국, 그린샐러드&드레싱, 단무지','lunch','ch',5800,'tue','',0,0,'/떡볶이돈까스.png',NULL);
INSERT INTO restaurants_menuitem VALUES(266,'',0,'떡볶이치킨까스','치킨까스-닭:외국산, 스쿱밥, 팽이장국, 그린샐러드&드레싱, 단무지','lunch','ch',5800,'tue','',0,1,'/떡볶이치킨까스.png',NULL);
INSERT INTO restaurants_menuitem VALUES(267,'',0,'(뚝)참치김치찌개','*원산지아래표기, 쌀밥, 콘소메이징치킨 닭:브라질산, 마늘쫑무침, 김구이','lunch','ch',5500,'tue','',0,1,'/참치김치찌개.png',NULL);
INSERT INTO restaurants_menuitem VALUES(268,'',0,'(뚝)한방돼지갈비찜','돼지:네덜란드산, 국내산 섞음, 쌀밥, 미역국, 부추잡채, 배추김치','dinner','ch',5800,'tue','',0,0,'/한방돼지갈비찜.png',NULL);
INSERT INTO restaurants_menuitem VALUES(269,'',0,'맑은소고기육개장','소:호주산, 흑미밥, 연근조림, 모듬묵무침, 오이생채, 배추김치, 식혜','lunch','cg',8000,'wed','',0,1,'/맑은소고기육개장.png',NULL);
INSERT INTO restaurants_menuitem VALUES(270,'',0,'김치주먹밥','닭:국산, 현미밥','breakfast','ch',1000,'wed','',0,1,'/김치주먹밥.png',NULL);
INSERT INTO restaurants_menuitem VALUES(271,'',0,'점보메밀국수','단무지','lunch','ch',6500,'wed','',0,1,'/점보메밀국수.png',NULL);
INSERT INTO restaurants_menuitem VALUES(272,'',0,'주꾸미콩나물비빔밥','주꾸미:베트남산, 배추된장국, 우거지:중국산, 배추김치, 요구르트','lunch','ch',5500,'wed','',0,1,'/주꾸미콩나물비빔밥.png',NULL);
INSERT INTO restaurants_menuitem VALUES(273,'',0,'육회비빔밥','소:호주산, 배추된장국, 우거지:중국산, 배추김치, 요구르트','lunch','ch',6000,'wed','',0,1,'/육회비빔밥.png',NULL);
INSERT INTO restaurants_menuitem VALUES(274,'',0,'점보육회비빔밥','소:호주산, 배추된장국, 우거지:중국산, 배추김치, 요구르트','lunch','ch',7500,'wed','',0,1,'/점보육회비빔밥.png',NULL);
INSERT INTO restaurants_menuitem VALUES(275,'',0,'비빔물냉면','갈비만두','lunch','ch',5500,'wed','',0,0,'/비빔물냉면.png',NULL);
INSERT INTO restaurants_menuitem VALUES(276,'',0,'숯불고기','돼지:국내산, 미국산 섞음, 단무지','lunch','ch',5800,'wed','',0,0,'/숯불고기.png',NULL);
INSERT INTO restaurants_menuitem VALUES(277,'',0,'(뚝)우거지수육국밥','*원산지아래표기, 쌀밥, 새송이버섯볶음, 깍두기, 요구르트','lunch','ch',5800,'wed','',0,0,'/우거지수육국밥.png',NULL);
INSERT INTO restaurants_menuitem VALUES(278,'',0,'소고기깐풍장쌈','소:호주산, 팽이맑은국, 배추탕수육 *원산지아래표기, 짜사이무침, 요구르트','dinner','ch',5500,'wed','',0,1,'/소고기깐풍장쌈.png',NULL);
INSERT INTO restaurants_menuitem VALUES(279,'',0,'뿌연소고기육개장','소:호주산, 쌀밥, 왕교자튀김, 올방개묵파프리카무침, 비름나물, 멕시칸샐러드, 스모크햄-계육, 돈육:국산, 깍두기, 냉매실차','lunch','cg',8000,'thu','',0,0,'/뿌연소고기육개장.png',NULL);
INSERT INTO restaurants_menuitem VALUES(280,'',0,'닭가슴살주먹밥','닭:국산, 김주먹밥','breakfast','ch',1000,'thu','',0,1,'/닭가슴살주먹밥.png',NULL);
INSERT INTO restaurants_menuitem VALUES(281,'',0,'하이라이스치킨도리아','닭:브라질산, 그린샐러드&드레싱, 오이피클, 요구르트','lunch','ch',5800,'thu','',0,1,'/하이라이스치킨도리아.png',NULL);
INSERT INTO restaurants_menuitem VALUES(282,'',0,'소고기가지덮밥','소:호주산, 가쓰오국, 콩도너츠, 이색컬리&초장, 배추김치','lunch','ch',5800,'thu','',0,1,'/소고기가지덮밥.png',NULL);
INSERT INTO restaurants_menuitem VALUES(283,'',0,'돈육고추장채밥','돼지:국내산, 꽃빵, 가쓰오국, 왕교자튀김, 단무지','lunch','ch',5500,'thu','',0,0,'/돈육고추장채밥.png',NULL);
INSERT INTO restaurants_menuitem VALUES(284,'',0,'(뚝)나주곰탕','소:호주산, 쌀밥, 수제계란말이, 이색컬리&초장, 깍두기','lunch','ch',5500,'thu','',0,1,'/나주곰탕.png',NULL);
INSERT INTO restaurants_menuitem VALUES(285,'',0,'마늘쫑마파두부덮밥','돼지:국내산, 두부-대두:외국산, 무채국, 비엔나소량떡조림 비엔나-닭:국산, 동살콘오징어너겟, 단무지','dinner','ch',5500,'thu','',0,0,'/마늘쫑마파두부덮밥.png',NULL);
INSERT INTO restaurants_menuitem VALUES(286,'',0,'초계국수','닭:국산, 후리가케주먹밥, 무채국, 메밀전병, 콩나물무침, 그린샐러드&드레싱, 백김치, 냉루이보스티','lunch','cg',8000,'fri','',0,1,'/초계국수.png',NULL);
INSERT INTO restaurants_menuitem VALUES(287,'',0,'리코타치즈포케','현미밥','breakfast','ch',1000,'fri','',0,1,'/리코타치즈포케.png',NULL);
INSERT INTO restaurants_menuitem VALUES(288,'',0,'돈코츠라면','돼지:미국산, 국내산 섞음, 추가밥, 단무지','lunch','ch',5500,'fri','',0,0,'/돈코츠라면.png',NULL);
INSERT INTO restaurants_menuitem VALUES(289,'',0,'돈코츠라면 (일식돈까스 세트)','돼지:미국산, 국내산 섞음, 추가밥, 단무지, 일식돈까스-돼지:미국산','lunch','ch',8000,'fri','',0,0,'/돈코츠라면_일식돈까스_세트.png',NULL);
INSERT INTO restaurants_menuitem VALUES(290,'',0,'자메이카닭다리구이','닭:브라질산, 야채볶음밥, 그린샐러드&드레싱, 치킨무, 요구르트','lunch','ch',5800,'fri','',0,1,'/자메이카닭다리구이.png',NULL);
INSERT INTO restaurants_menuitem VALUES(291,'',0,'(뚝)얼큰소고기국밥','우거지:중국산, 소:호주산, 쌀밥, 통들깨부추전, 도토리묵&양념장, 깍두기','lunch','ch',5500,'fri','',0,1,'/얼큰소고기국밥.png',NULL);
INSERT INTO restaurants_menuitem VALUES(292,'',0,'(뚝)김치돈까스나베','돈까스-돼지:미국산, 추가쌀밥/우동사리, 마카로니햄샐러드, 스모크햄-계육, 돈육:국산, 단무지','dinner','ch',5800,'fri','',0,0,'/김치돈까스나베.png',NULL);
INSERT INTO restaurants_menuitem VALUES(293,'',0,'만두라면','','snack','ch',3000,'tue','',0,0,'/만두라면.png',NULL);
INSERT INTO restaurants_menuitem VALUES(294,'',0,'치즈라면','','snack','ch',3000,'tue','',0,1,'/치즈라면.png',NULL);
INSERT INTO restaurants_menuitem VALUES(295,'',0,'짜계치','','snack','ch',3800,'tue','',0,1,'/짜계치.png',NULL);
INSERT INTO restaurants_menuitem VALUES(296,'',0,'콘치즈불닭면','','snack','ch',3800,'tue','',0,1,'/콘치즈불닭면.png',NULL);
INSERT INTO restaurants_menuitem VALUES(297,'',0,'공깃밥','','snack','ch',800,'tue','',0,1,'/공깃밥.png',NULL);
INSERT INTO restaurants_menuitem VALUES(298,'',0,'만두라면','','snack','ch',3000,'wed','',0,0,'/만두라면.png',NULL);
INSERT INTO restaurants_menuitem VALUES(299,'',0,'치즈라면','','snack','ch',3000,'wed','',0,1,'/치즈라면.png',NULL);
INSERT INTO restaurants_menuitem VALUES(300,'',0,'짜계치','','snack','ch',3800,'wed','',0,1,'/짜계치.png',NULL);
INSERT INTO restaurants_menuitem VALUES(301,'',0,'콘치즈불닭면','','snack','ch',3800,'wed','',0,1,'/콘치즈불닭면.png',NULL);
INSERT INTO restaurants_menuitem VALUES(302,'',0,'공깃밥','','snack','ch',800,'wed','',0,1,'/공깃밥.png',NULL);
INSERT INTO restaurants_menuitem VALUES(303,'',0,'만두라면','','snack','ch',3000,'thu','',0,0,'/만두라면.png',NULL);
INSERT INTO restaurants_menuitem VALUES(304,'',0,'치즈라면','','snack','ch',3000,'thu','',0,1,'/치즈라면.png',NULL);
INSERT INTO restaurants_menuitem VALUES(305,'',0,'짜계치','','snack','ch',3800,'thu','',0,1,'/짜계치.png',NULL);
INSERT INTO restaurants_menuitem VALUES(306,'',0,'콘치즈불닭면','','snack','ch',3800,'thu','',0,1,'/콘치즈불닭면.png',NULL);
INSERT INTO restaurants_menuitem VALUES(307,'',0,'공깃밥','','snack','ch',800,'thu','',0,1,'/공깃밥.png',NULL);
INSERT INTO restaurants_menuitem VALUES(308,'',0,'만두라면','','snack','ch',3000,'fri','',0,0,'/만두라면.png',NULL);
INSERT INTO restaurants_menuitem VALUES(309,'',0,'치즈라면','','snack','ch',3000,'fri','',0,1,'/치즈라면.png',NULL);
INSERT INTO restaurants_menuitem VALUES(310,'',0,'짜계치','','snack','ch',3800,'fri','',0,1,'/짜계치.png',NULL);
INSERT INTO restaurants_menuitem VALUES(311,'',0,'콘치즈불닭면','','snack','ch',3800,'fri','',0,1,'/콘치즈불닭면.png',NULL);
INSERT INTO restaurants_menuitem VALUES(312,'',0,'공깃밥','','snack','ch',800,'fri','',0,1,'/공깃밥.png',NULL);
INSERT INTO restaurants_menuitem VALUES(313,'',0,'낙지콩나물덮밥','유부장국, 유린기 닭:브라질산, 중화품배추찜, 마카로니크래미샐러드, 고들빼기무침, 마시는 요구르트','lunch','cg',8000,'tue','',0,1,'/낙지콩나물덮밥.png',NULL);
INSERT INTO restaurants_menuitem VALUES(314,'',0,'참치마요주먹밥','연두부&소스, 삶은계란, 두유','breakfast','ch',1000,'tue','',0,1,'/참치마요주먹밥.png',NULL);
INSERT INTO restaurants_menuitem VALUES(315,'',0,'꼬막비빔밥','배추김치, 요구르트','lunch','ch',5500,'tue','',0,1,'/꼬막비빔밥.png',NULL);
INSERT INTO restaurants_menuitem VALUES(316,'',0,'육회비빔밥','팽이장국, 배추김치, 요구르트','lunch','ch',6000,'tue','',0,1,'/육회비빔밥.png',NULL);
INSERT INTO restaurants_menuitem VALUES(317,'',0,'전복육회비빔밥','팽이장국, 배추김치, 요구르트','lunch','ch',7500,'tue','',0,1,'/전복육회비빔밥.png',NULL);
INSERT INTO restaurants_menuitem VALUES(318,'',0,'떡볶이돈까스','쌀밥, 팽이장국, 그린샐러드&드레싱, 단무지','lunch','ch',5800,'tue','',0,0,'/떡볶이돈까스.png',NULL);
INSERT INTO restaurants_menuitem VALUES(319,'',0,'떡볶이치킨까스','쌀밥, 팽이장국, 그린샐러드&드레싱, 단무지','lunch','ch',5800,'tue','',0,1,'/떡볶이치킨까스.png',NULL);
INSERT INTO restaurants_menuitem VALUES(320,'',0,'(뚝)참치김치찌개','쌀밥, 콘소메이징치킨 닭:브라질산, 마늘쫑무침, 김구이','lunch','ch',5500,'tue','',0,1,'/참치김치찌개.png',NULL);
INSERT INTO restaurants_menuitem VALUES(321,'',0,'묵은지닭볶음밥','흑미밥, 모듬버섯볶음, 굴소스청경채찜, 양배추채샐러드&드레싱, 배추김치, 파인애플, 냉옥수수수염차','lunch','cg',8000,'wed','',0,1,'/묵은지닭볶음밥.png',NULL);
INSERT INTO restaurants_menuitem VALUES(322,'',0,'샐러드파스타포케','현미밥','breakfast','ch',1000,'wed','',0,1,'/샐러드파스타포케.png',NULL);
INSERT INTO restaurants_menuitem VALUES(323,'',0,'점보메밀국수','단무지','lunch','ch',6500,'wed','',0,1,'/점보메밀국수.png',NULL);
INSERT INTO restaurants_menuitem VALUES(324,'',0,'주꾸미콩나물비빔밥','배추된장국, 우거지:중국산, 배추김치','lunch','ch',5500,'wed','',0,1,'/주꾸미콩나물비빔밥.png',NULL);
INSERT INTO restaurants_menuitem VALUES(325,'',0,'육회비빔밥','배추된장국, 우거지:중국산, 배추김치','lunch','ch',6000,'wed','',0,1,'/육회비빔밥.png',NULL);
INSERT INTO restaurants_menuitem VALUES(326,'',0,'전복육회비빔밥','배추된장국, 우거지:중국산, 배추김치','lunch','ch',7500,'wed','',0,1,'/전복육회비빔밥.png',NULL);
INSERT INTO restaurants_menuitem VALUES(327,'',0,'비빔물냉면','갈비만두','lunch','ch',5500,'wed','',0,0,'/비빔물냉면.png',NULL);
INSERT INTO restaurants_menuitem VALUES(328,'',0,'숯불고기','단무지','lunch','ch',5800,'wed','',0,0,'/숯불고기.png',NULL);
INSERT INTO restaurants_menuitem VALUES(329,'',0,'(뚝)우거지수육국밥','쌀밥, 새송이버섯볶음, 깍두기, 요구르트','lunch','ch',5800,'wed','',0,0,'/우거지수육국밥.png',NULL);
INSERT INTO restaurants_menuitem VALUES(330,'',0,'(뚝)한방돼지갈비찜','쌀밥, 미역국, 부추잡채, 배추김치','dinner','ch',5800,'wed','',0,0,'/한방돼지갈비찜.png',NULL);
INSERT INTO restaurants_menuitem VALUES(331,'',0,'맑은소고기육개장','쌀밥, 왕교자튀김, 올방개묵파프리카무침, 비름나물, 멕시칸샐러드, 스모크햄-계육, 돈육:국산, 깍두기, 냉매실차','lunch','cg',8000,'thu','',0,0,'/맑은소고기육개장.png',NULL);
INSERT INTO restaurants_menuitem VALUES(332,'',0,'닭가슴살주먹밥','김주먹밥','breakfast','ch',1000,'thu','',0,1,'/닭가슴살주먹밥.png',NULL);
INSERT INTO restaurants_menuitem VALUES(333,'',0,'하이라이스치킨도리아','그린샐러드&드레싱, 오이피클, 요구르트','lunch','ch',5800,'thu','',0,1,'/하이라이스치킨도리아.png',NULL);
INSERT INTO restaurants_menuitem VALUES(334,'',0,'소고기가지덮밥','가쓰오국, 콩도너츠, 이색컬리&초장, 배추김치','lunch','ch',5800,'thu','',0,1,'/소고기가지덮밥.png',NULL);
INSERT INTO restaurants_menuitem VALUES(335,'',0,'돈육고추장채밥','꽃빵, 가쓰오국, 왕교자튀김, 단무지','lunch','ch',5500,'thu','',0,0,'/돈육고추장채밥.png',NULL);
INSERT INTO restaurants_menuitem VALUES(336,'',0,'(뚝)나주곰탕','쌀밥, 수제계란말이, 이색컬리&초장, 깍두기','lunch','ch',5500,'thu','',0,1,'/나주곰탕.png',NULL);
INSERT INTO restaurants_menuitem VALUES(337,'',0,'소고기간장짜장밥','팽이맑은국, 배추탕수육, 짜사이무침, 요구르트','dinner','ch',5500,'thu','',0,0,'/소고기간장짜장밥.png',NULL);
INSERT INTO restaurants_menuitem VALUES(338,'',0,'초계국수','후리가께주먹밥, 무채국, 메밀전병, 콩나물무침, 그린샐러드&드레싱, 백김치, 냉루이보스티','lunch','cg',8000,'fri','',0,1,'/초계국수.png',NULL);
INSERT INTO restaurants_menuitem VALUES(339,'',0,'리코타치즈포케','현미밥','breakfast','ch',1000,'fri','',0,1,'/리코타치즈포케.png',NULL);
INSERT INTO restaurants_menuitem VALUES(340,'',0,'돈코츠라멘','추가쌀밥, 단무지','lunch','ch',5500,'fri','',0,0,'/돈코츠라멘.png',NULL);
INSERT INTO restaurants_menuitem VALUES(341,'',0,'일식돈까스','','lunch','ch',8000,'fri','',0,0,'/일식돈까스.png',NULL);
INSERT INTO restaurants_menuitem VALUES(342,'',0,'자메이카닭다리구이','야채볶음밥, 그린샐러드&드레싱, 치킨무, 요구르트','lunch','ch',5800,'fri','',0,1,'/자메이카닭다리구이.png',NULL);
INSERT INTO restaurants_menuitem VALUES(343,'',0,'(뚝)얼큰소고기국밥','쌀밥, 통들깨부추전, 도토리묵&양념장, 깍두기','lunch','ch',5500,'fri','',0,1,'/얼큰소고기국밥.png',NULL);
INSERT INTO restaurants_menuitem VALUES(344,'',0,'마늘쫑마파두부덮밥','무채국, 비엔나소량조림, 비엔나-닭:국산, 돈육:국산, 동살콘오징어넛겟, 단무지','dinner','ch',5500,'fri','',0,0,'/마늘쫑마파두부덮밥.png',NULL);
DELETE FROM sqlite_sequence;
INSERT INTO sqlite_sequence VALUES('django_migrations',27);
INSERT INTO sqlite_sequence VALUES('django_admin_log',0);
INSERT INTO sqlite_sequence VALUES('django_content_type',9);
INSERT INTO sqlite_sequence VALUES('auth_permission',36);
INSERT INTO sqlite_sequence VALUES('auth_group',0);
INSERT INTO sqlite_sequence VALUES('auth_user',1);
INSERT INTO sqlite_sequence VALUES('pages_menuitem',7);
INSERT INTO sqlite_sequence VALUES('restaurants_menuitem',344);
CREATE UNIQUE INDEX "auth_group_permissions_group_id_permission_id_0cd325b0_uniq" ON "auth_group_permissions" ("group_id", "permission_id");
CREATE INDEX "auth_group_permissions_group_id_b120cbf9" ON "auth_group_permissions" ("group_id");
CREATE INDEX "auth_group_permissions_permission_id_84c5c92e" ON "auth_group_permissions" ("permission_id");
CREATE UNIQUE INDEX "auth_user_groups_user_id_group_id_94350c0c_uniq" ON "auth_user_groups" ("user_id", "group_id");
CREATE INDEX "auth_user_groups_user_id_6a12ed8b" ON "auth_user_groups" ("user_id");
CREATE INDEX "auth_user_groups_group_id_97559544" ON "auth_user_groups" ("group_id");
CREATE UNIQUE INDEX "auth_user_user_permissions_user_id_permission_id_14a6b632_uniq" ON "auth_user_user_permissions" ("user_id", "permission_id");
CREATE INDEX "auth_user_user_permissions_user_id_a95ead1b" ON "auth_user_user_permissions" ("user_id");
CREATE INDEX "auth_user_user_permissions_permission_id_1fbb5f2c" ON "auth_user_user_permissions" ("permission_id");
CREATE INDEX "django_admin_log_content_type_id_c4bce8eb" ON "django_admin_log" ("content_type_id");
CREATE INDEX "django_admin_log_user_id_c564eba6" ON "django_admin_log" ("user_id");
CREATE UNIQUE INDEX "django_content_type_app_label_model_76bd3d3b_uniq" ON "django_content_type" ("app_label", "model");
CREATE UNIQUE INDEX "auth_permission_content_type_id_codename_01ab375a_uniq" ON "auth_permission" ("content_type_id", "codename");
CREATE INDEX "auth_permission_content_type_id_2f476e4b" ON "auth_permission" ("content_type_id");
CREATE INDEX "django_session_expire_date_a5c62663" ON "django_session" ("expire_date");
CREATE INDEX "pages_menuitem_parent_id_db997f07" ON "pages_menuitem" ("parent_id");
CREATE INDEX "restaurants_menuitem_parent_id_0d3efbcb" ON "restaurants_menuitem" ("parent_id");
